character,source_file,old_faith,new_faith,transition,mode
gen_2357,history/characters/essos_7898_chars.txt,ib_ven_god_king,ib_ven_sound,7899.8.14,dated_transition
gen_2358,history/characters/essos_7898_chars.txt,ib_ven_god_king,ib_ven_sound,7899.8.14,dated_transition
gen_2359,history/characters/essos_7898_chars.txt,ib_ven_god_king,ib_ven_sound,7899.8.14,dated_transition
gen_2360,history/characters/essos_7898_chars.txt,ib_ven_god_king,ib_ven_sound,7899.8.14,dated_transition
gen_2361,history/characters/essos_7898_chars.txt,ib_ven_god_king,ib_ven_sound,7899.8.14,dated_transition
gen_2362,history/characters/essos_7898_chars.txt,ib_ven_god_king,ib_ven_sound,7899.8.14,dated_transition
gen_2762,history/characters/essos_7898_vassal_chars.txt,ib_ven_god_king,ib_ven_sound,7899.8.14,dated_transition
gen_2763,history/characters/essos_7898_vassal_chars.txt,ib_ven_god_king,ib_ven_sound,7899.8.14,dated_transition
gen_2764,history/characters/essos_7898_vassal_chars.txt,ib_ven_god_king,ib_ven_sound,7899.8.14,dated_transition
gen_2765,history/characters/essos_7898_vassal_chars.txt,ib_ven_god_king,ib_ven_sound,7899.8.14,dated_transition
gen_2766,history/characters/essos_7898_vassal_chars.txt,ib_ven_god_king,ib_ven_sound,7899.8.14,dated_transition
gen_2767,history/characters/essos_7898_vassal_chars.txt,ib_ven_god_king,ib_ven_sound,7899.8.14,dated_transition
gen_2768,history/characters/essos_7898_vassal_chars.txt,ib_ven_god_king,ib_ven_sound,7899.8.14,dated_transition
gen_2769,history/characters/essos_7898_vassal_chars.txt,ib_ven_god_king,ib_ven_sound,7899.8.14,dated_transition
gen_2770,history/characters/essos_7898_vassal_chars.txt,ib_ven_god_king,ib_ven_sound,7899.8.14,dated_transition
gen_2771,history/characters/essos_7898_vassal_chars.txt,ib_ven_god_king,ib_ven_sound,7899.8.14,dated_transition
gen_2772,history/characters/essos_7898_vassal_chars.txt,ib_ven_god_king,ib_ven_sound,7899.8.14,dated_transition
gen_2773,history/characters/essos_7898_vassal_chars.txt,ib_ven_god_king,ib_ven_sound,7899.8.14,dated_transition
gen_2774,history/characters/essos_7898_vassal_chars.txt,ib_ven_god_king,ib_ven_sound,7899.8.14,dated_transition
gen_2775,history/characters/essos_7898_vassal_chars.txt,ib_ven_god_king,ib_ven_sound,7899.8.14,dated_transition
gen_2776,history/characters/essos_7898_vassal_chars.txt,ib_ven_god_king,ib_ven_sound,7899.8.14,dated_transition
gen_2777,history/characters/essos_7898_vassal_chars.txt,ib_ven_god_king,ib_ven_sound,7899.8.14,dated_transition
gen_2778,history/characters/essos_7898_vassal_chars.txt,ib_ven_god_king,ib_ven_sound,7899.8.14,dated_transition
gen_2779,history/characters/essos_7898_vassal_chars.txt,ib_ven_god_king,ib_ven_sound,7899.8.14,dated_transition
gen_2780,history/characters/essos_7898_vassal_chars.txt,ib_ven_god_king,ib_ven_sound,7899.8.14,dated_transition
gen_2781,history/characters/essos_7898_vassal_chars.txt,ib_ven_god_king,ib_ven_sound,7899.8.14,dated_transition
gen_289,history/characters/vassal_characters.txt,ib_ven_god_king,ib_ven_sound,7899.8.14,post_doom_initial
gen_290,history/characters/vassal_characters.txt,ib_ven_god_king,ib_ven_sound,7899.8.14,post_doom_initial
gen_291,history/characters/vassal_characters.txt,ib_ven_god_king,ib_ven_sound,7899.8.14,post_doom_initial
gen_292,history/characters/vassal_characters.txt,ib_ven_god_king,ib_ven_sound,7899.8.14,post_doom_initial
gen_293,history/characters/vassal_characters.txt,ib_ven_god_king,ib_ven_sound,7899.8.14,post_doom_initial
gen_294,history/characters/vassal_characters.txt,ib_ven_god_king,ib_ven_sound,7899.8.14,post_doom_initial
gen_295,history/characters/vassal_characters.txt,ib_ven_god_king,ib_ven_sound,7899.8.14,post_doom_initial
gen_296,history/characters/vassal_characters.txt,ib_ven_god_king,ib_ven_sound,7899.8.14,post_doom_initial
gen_297,history/characters/vassal_characters.txt,ib_ven_god_king,ib_ven_sound,7899.8.14,post_doom_initial
gen_298,history/characters/vassal_characters.txt,ib_ven_god_king,ib_ven_sound,7899.8.14,post_doom_initial
gen_299,history/characters/vassal_characters.txt,ib_ven_god_king,ib_ven_sound,7899.8.14,post_doom_initial
gen_300,history/characters/vassal_characters.txt,ib_ven_god_king,ib_ven_sound,7899.8.14,post_doom_initial
gen_301,history/characters/vassal_characters.txt,ib_ven_god_king,ib_ven_sound,7899.8.14,post_doom_initial
gen_302,history/characters/vassal_characters.txt,ib_ven_god_king,ib_ven_sound,7899.8.14,post_doom_initial
gen_303,history/characters/vassal_characters.txt,ib_ven_god_king,ib_ven_sound,7899.8.14,post_doom_initial
gen_304,history/characters/vassal_characters.txt,ib_ven_god_king,ib_ven_sound,7899.8.14,post_doom_initial
gen_305,history/characters/vassal_characters.txt,ib_ven_god_king,ib_ven_sound,7899.8.14,post_doom_initial
gen_306,history/characters/vassal_characters.txt,ib_ven_god_king,ib_ven_sound,7899.8.14,post_doom_initial
gen_307,history/characters/vassal_characters.txt,ib_ven_god_king,ib_ven_sound,7899.8.14,post_doom_initial
gen_308,history/characters/vassal_characters.txt,ib_ven_god_king,ib_ven_sound,7899.8.14,post_doom_initial
gen_4,history/characters/empire_rulers.txt,ib_ven_god_king,ib_ven_sound,7899.8.14,post_doom_initial
gen_899,history/characters/bookmark_chars.txt,ib_ven_god_king,ib_ven_sound,7899.8.14,post_doom_initial
gen_900,history/characters/bookmark_chars.txt,ib_ven_god_king,ib_ven_sound,7899.8.14,post_doom_initial
gen_901,history/characters/bookmark_chars.txt,ib_ven_god_king,ib_ven_sound,7899.8.14,post_doom_initial
gen_902,history/characters/bookmark_chars.txt,ib_ven_god_king,ib_ven_sound,7899.8.14,post_doom_initial
gen_903,history/characters/bookmark_chars.txt,ib_ven_god_king,ib_ven_sound,7899.8.14,post_doom_initial
gen_904,history/characters/bookmark_chars.txt,ib_ven_god_king,ib_ven_sound,7899.8.14,post_doom_initial
gen_905,history/characters/bookmark_chars.txt,ib_ven_god_king,ib_ven_sound,7899.8.14,post_doom_initial
gen_906,history/characters/bookmark_chars.txt,ib_ven_god_king,ib_ven_sound,7899.8.14,post_doom_initial
gen_907,history/characters/bookmark_chars.txt,ib_ven_god_king,ib_ven_sound,7899.8.14,post_doom_initial
gen_908,history/characters/bookmark_chars.txt,ib_ven_god_king,ib_ven_sound,7899.8.14,post_doom_initial
gen_909,history/characters/bookmark_chars.txt,ib_ven_god_king,ib_ven_sound,7899.8.14,post_doom_initial
gen_910,history/characters/bookmark_chars.txt,ib_ven_god_king,ib_ven_sound,7899.8.14,post_doom_initial
gen_911,history/characters/bookmark_chars.txt,ib_ven_god_king,ib_ven_sound,7899.8.14,post_doom_initial
gen_912,history/characters/bookmark_chars.txt,ib_ven_god_king,ib_ven_sound,7899.8.14,post_doom_initial
gen_913,history/characters/bookmark_chars.txt,ib_ven_god_king,ib_ven_sound,7899.8.14,post_doom_initial
gen_914,history/characters/bookmark_chars.txt,ib_ven_god_king,ib_ven_sound,7899.8.14,post_doom_initial
gen_915,history/characters/bookmark_chars.txt,ib_ven_god_king,ib_ven_sound,7899.8.14,post_doom_initial
gen_916,history/characters/bookmark_chars.txt,ib_ven_god_king,ib_ven_sound,7899.8.14,post_doom_initial
gen_917,history/characters/bookmark_chars.txt,ib_ven_god_king,ib_ven_sound,7899.8.14,post_doom_initial
gen_918,history/characters/bookmark_chars.txt,ib_ven_god_king,ib_ven_sound,7899.8.14,post_doom_initial
gen_919,history/characters/bookmark_chars.txt,ib_ven_god_king,ib_ven_sound,7899.8.14,post_doom_initial
gen_920,history/characters/bookmark_chars.txt,ib_ven_god_king,ib_ven_sound,7899.8.14,post_doom_initial
gen_921,history/characters/bookmark_chars.txt,ib_ven_god_king,ib_ven_sound,7899.8.14,post_doom_initial
gen_922,history/characters/bookmark_chars.txt,ib_ven_god_king,ib_ven_sound,7899.8.14,post_doom_initial
gen_923,history/characters/bookmark_chars.txt,ib_ven_god_king,ib_ven_sound,7899.8.14,post_doom_initial
gen_924,history/characters/bookmark_chars.txt,ib_ven_god_king,ib_ven_sound,7899.8.14,post_doom_initial
gen_925,history/characters/bookmark_chars.txt,ib_ven_god_king,ib_ven_sound,7899.8.14,post_doom_initial
gen_926,history/characters/bookmark_chars.txt,ib_ven_god_king,ib_ven_sound,7899.8.14,post_doom_initial
gen_927,history/characters/bookmark_chars.txt,ib_ven_god_king,ib_ven_sound,7899.8.14,post_doom_initial
gen_928,history/characters/bookmark_chars.txt,ib_ven_god_king,ib_ven_sound,7899.8.14,post_doom_initial
gen_929,history/characters/bookmark_chars.txt,ib_ven_god_king,ib_ven_sound,7899.8.14,post_doom_initial
gen_930,history/characters/bookmark_chars.txt,ib_ven_god_king,ib_ven_sound,7899.8.14,post_doom_initial
gen_931,history/characters/bookmark_chars.txt,ib_ven_god_king,ib_ven_sound,7899.8.14,post_doom_initial
gen_932,history/characters/bookmark_chars.txt,ib_ven_god_king,ib_ven_sound,7899.8.14,post_doom_initial
gen_933,history/characters/bookmark_chars.txt,ib_ven_god_king,ib_ven_sound,7899.8.14,post_doom_initial
gen_934,history/characters/bookmark_chars.txt,ib_ven_god_king,ib_ven_sound,7899.8.14,post_doom_initial
gen_935,history/characters/bookmark_chars.txt,ib_ven_god_king,ib_ven_sound,7899.8.14,post_doom_initial
gen_936,history/characters/bookmark_chars.txt,ib_ven_god_king,ib_ven_sound,7899.8.14,post_doom_initial
gen_937,history/characters/bookmark_chars.txt,ib_ven_god_king,ib_ven_sound,7899.8.14,post_doom_initial
gen_938,history/characters/bookmark_chars.txt,ib_ven_god_king,ib_ven_sound,7899.8.14,post_doom_initial
gen_939,history/characters/bookmark_chars.txt,ib_ven_god_king,ib_ven_sound,7899.8.14,post_doom_initial
gen_940,history/characters/bookmark_chars.txt,ib_ven_god_king,ib_ven_sound,7899.8.14,post_doom_initial
gen_941,history/characters/bookmark_chars.txt,ib_ven_god_king,ib_ven_sound,7899.8.14,post_doom_initial
gen_942,history/characters/bookmark_chars.txt,ib_ven_god_king,ib_ven_sound,7899.8.14,post_doom_initial
gen_943,history/characters/bookmark_chars.txt,ib_ven_god_king,ib_ven_sound,7899.8.14,post_doom_initial
gen_944,history/characters/bookmark_chars.txt,ib_ven_god_king,ib_ven_sound,7899.8.14,post_doom_initial
gen_945,history/characters/bookmark_chars.txt,ib_ven_god_king,ib_ven_sound,7899.8.14,post_doom_initial
gen_946,history/characters/bookmark_chars.txt,ib_ven_god_king,ib_ven_sound,7899.8.14,post_doom_initial
gen_947,history/characters/bookmark_chars.txt,ib_ven_god_king,ib_ven_sound,7899.8.14,post_doom_initial
gen_948,history/characters/bookmark_chars.txt,ib_ven_god_king,ib_ven_sound,7899.8.14,post_doom_initial
gen_949,history/characters/bookmark_chars.txt,ib_ven_god_king,ib_ven_sound,7899.8.14,post_doom_initial
gen_950,history/characters/bookmark_chars.txt,ib_ven_god_king,ib_ven_sound,7899.8.14,post_doom_initial
gen_951,history/characters/bookmark_chars.txt,ib_ven_god_king,ib_ven_sound,7899.8.14,post_doom_initial
gen_952,history/characters/bookmark_chars.txt,ib_ven_god_king,ib_ven_sound,7899.8.14,post_doom_initial
gen_953,history/characters/bookmark_chars.txt,ib_ven_god_king,ib_ven_sound,7899.8.14,post_doom_initial
gen_954,history/characters/bookmark_chars.txt,ib_ven_god_king,ib_ven_sound,7899.8.14,post_doom_initial
gen_955,history/characters/bookmark_chars.txt,ib_ven_god_king,ib_ven_sound,7899.8.14,post_doom_initial
gen_956,history/characters/bookmark_chars.txt,ib_ven_god_king,ib_ven_sound,7899.8.14,post_doom_initial
gen_957,history/characters/bookmark_chars.txt,ib_ven_god_king,ib_ven_sound,7899.8.14,post_doom_initial
gen_958,history/characters/bookmark_chars.txt,ib_ven_god_king,ib_ven_sound,7899.8.14,post_doom_initial
